-- --------------------------------------------------------
-- Host:                         127.0.0.1
-- Server version:               5.5.23 - MySQL Community Server (GPL)
-- Server OS:                    Win64
-- HeidiSQL Version:             8.0.0.4396
-- --------------------------------------------------------

/*!40101 SET @OLD_CHARACTER_SET_CLIENT=@@CHARACTER_SET_CLIENT */;
/*!40101 SET NAMES utf8 */;
/*!40014 SET @OLD_FOREIGN_KEY_CHECKS=@@FOREIGN_KEY_CHECKS, FOREIGN_KEY_CHECKS=0 */;
/*!40101 SET @OLD_SQL_MODE=@@SQL_MODE, SQL_MODE='NO_AUTO_VALUE_ON_ZERO' */;

-- Dumping database structure for jwt_role
CREATE DATABASE IF NOT EXISTS `jwt_role` /*!40100 DEFAULT CHARACTER SET utf8 */;
USE `jwt_role`;


-- Dumping structure for table jwt_role.oauth_access_token
CREATE TABLE IF NOT EXISTS `oauth_access_token` (
  `token_id` varchar(255) DEFAULT NULL,
  `token` blob,
  `authentication_id` varchar(255) NOT NULL,
  `user_name` varchar(255) DEFAULT NULL,
  `client_id` varchar(255) DEFAULT NULL,
  `authentication` blob,
  `refresh_token` varchar(255) DEFAULT NULL,
  PRIMARY KEY (`authentication_id`)
) ENGINE=InnoDB DEFAULT CHARSET=utf8;

-- Dumping data for table jwt_role.oauth_access_token: ~1 rows (approximately)
/*!40000 ALTER TABLE `oauth_access_token` DISABLE KEYS */;
INSERT INTO `oauth_access_token` (`token_id`, `token`, `authentication_id`, `user_name`, `client_id`, `authentication`, `refresh_token`) VALUES
	('89cb4db3cb9d2e891e24aa02336b90b7', _binary 0xACED0005737200436F72672E737072696E676672616D65776F726B2E73656375726974792E6F61757468322E636F6D6D6F6E2E44656661756C744F4175746832416363657373546F6B656E0CB29E361B24FACE0200064C00156164646974696F6E616C496E666F726D6174696F6E74000F4C6A6176612F7574696C2F4D61703B4C000A65787069726174696F6E7400104C6A6176612F7574696C2F446174653B4C000C72656672657368546F6B656E74003F4C6F72672F737072696E676672616D65776F726B2F73656375726974792F6F61757468322F636F6D6D6F6E2F4F417574683252656672657368546F6B656E3B4C000573636F706574000F4C6A6176612F7574696C2F5365743B4C0009746F6B656E547970657400124C6A6176612F6C616E672F537472696E673B4C000576616C756571007E00057870737200176A6176612E7574696C2E4C696E6B6564486173684D617034C04E5C106CC0FB0200015A000B6163636573734F72646572787200116A6176612E7574696C2E486173684D61700507DAC1C31660D103000246000A6C6F6164466163746F724900097468726573686F6C6478703F4000000000000677080000000800000003740005656D61696C74000F61646D696E40676D61696C2E636F6D740009757365725F7479706574000561646D696E7400036A746974002465306135376230632D323262642D343139312D623262332D32303830623139346533306578007372000E6A6176612E7574696C2E44617465686A81014B597419030000787077080000016A1064D2D7787372004C6F72672E737072696E676672616D65776F726B2E73656375726974792E6F61757468322E636F6D6D6F6E2E44656661756C744578706972696E674F417574683252656672657368546F6B656E2FDF47639DD0C9B70200014C000A65787069726174696F6E71007E0002787200446F72672E737072696E676672616D65776F726B2E73656375726974792E6F61757468322E636F6D6D6F6E2E44656661756C744F417574683252656672657368546F6B656E73E10E0A6354D45E0200014C000576616C756571007E0005787074040465794A68624763694F694A53557A49314E694973496E523563434936496B705856434A392E65794A316332567958335235634755694F694A685A47317062694973496E567A5A584A66626D46745A534936496D466B62576C754969776963324E76634755694F6C7369636D39735A5639685A47317062694973496E4A766247566664584E6C63694A644C434A6864476B694F694A6C4D4745314E324977597930794D6D4A6B4C5451784F544574596A4A694D7930794D446777596A45354E47557A4D4755694C434A6C654841694F6A45314E5455774E5455354D445173496D463164476876636D6C306157567A496A7062496E5A705A58646664584E6C636C3969655639796232786C496977695A57527064463931633256794969776959334A6C5958526C58334A76624755694C434A6B5A57786C64475666636D39735A534973496E5A705A586466636D39735A534973496E5A705A5864666347567962576C7A63326C7662694973496D566B61585266636D39735A534973496D467A63326C6E626C39775A584A7461584E7A615739755833527658334A76624755694C434A32615756335833426C636D317063334E7062323566596E6C66636D39735A534973496E4A766247566659575274615734694C434A6A636D56686447566664584E6C63694973496E5A705A58646664584E6C63694973496D467A63326C6E626C3931633256795833527658334A76624755694C434A6B5A57786C6447566664584E6C63694A644C434A7164476B694F694A6B59574D354D6D4A6A4F5330314D6D466B4C5451334D6D4D74596A4179595330774E445A6B59544D3059545534597A49694C434A6C6257467062434936496D466B62576C755147647459576C734C6D4E7662534973496D4E7361575675644639705A434936496C565452564A665130784A525535555830465155434A392E5A64625350626C6D52386841733269786A395470384C4B646F48376B425755386F347A3935693764794B553478377A5F4B77446D764C722D4773566D4D776D773733665F544A482D3069555349523944497A4F34547277366E302D5368346270575049536E50457643592D46616D397A454A6D507471776F5F6C6C316E6C6E39495A6332306F3163377A74555071706645373455666D68676D634B6D4156784D617471345377556F65766534436266706A624C456C2D4A746179654F59313345573871694E7A4B65725954476369334A374F536532446D645A31694C664850314B446E344D4762576C56724235793232444170305F6770495950554E54305062636470615F30516E77574B7575726C714A3865436C44493953396446696B496A516F415F6C48687477425961625447445A634E5F7A524C575A2D666F6D70697A36414D716A795969736A5777774E6574536A515553777371007E001077080000016A108E05AE78737200256A6176612E7574696C2E436F6C6C656374696F6E7324556E6D6F6469666961626C65536574801D92D18F9B80550200007872002C6A6176612E7574696C2E436F6C6C656374696F6E7324556E6D6F6469666961626C65436F6C6C656374696F6E19420080CB5EF71E0200014C0001637400164C6A6176612F7574696C2F436F6C6C656374696F6E3B7870737200176A6176612E7574696C2E4C696E6B656448617368536574D86CD75A95DD2A1E020000787200116A6176612E7574696C2E48617368536574BA44859596B8B7340300007870770C000000103F4000000000000274000A726F6C655F61646D696E740009726F6C655F75736572787400066265617265727403C865794A68624763694F694A53557A49314E694973496E523563434936496B705856434A392E65794A316332567958335235634755694F694A685A47317062694973496E567A5A584A66626D46745A534936496D466B62576C754969776963324E76634755694F6C7369636D39735A5639685A47317062694973496E4A766247566664584E6C63694A644C434A6C654841694F6A45314E5455774E544D794D445173496D463164476876636D6C306157567A496A7062496E5A705A58646664584E6C636C3969655639796232786C496977695A57527064463931633256794969776959334A6C5958526C58334A76624755694C434A6B5A57786C64475666636D39735A534973496E5A705A586466636D39735A534973496E5A705A5864666347567962576C7A63326C7662694973496D566B61585266636D39735A534973496D467A63326C6E626C39775A584A7461584E7A615739755833527658334A76624755694C434A32615756335833426C636D317063334E7062323566596E6C66636D39735A534973496E4A766247566659575274615734694C434A6A636D56686447566664584E6C63694973496E5A705A58646664584E6C63694973496D467A63326C6E626C3931633256795833527658334A76624755694C434A6B5A57786C6447566664584E6C63694A644C434A7164476B694F694A6C4D4745314E324977597930794D6D4A6B4C5451784F544574596A4A694D7930794D446777596A45354E47557A4D4755694C434A6C6257467062434936496D466B62576C755147647459576C734C6D4E7662534973496D4E7361575675644639705A434936496C565452564A665130784A525535555830465155434A392E776F3871386C664C616A4F564C6F6238777944387876352D58726B78712D4A717069756B46763643465078363971494F4278477438534834386567554533796750756F2D79524E3467305F69397844396575476B71395A3935584F73355555763673355F516469694E596754487036544E34724379584E7646615736776B4D6D4A716E785141586237634E3133316C6D374E435351384246334838475154564B715F684F306E695F6E647365306C4741757764747868534A6C53684D4E6C427777597733674741416432654730574A3363554E4462506C4B64324B6D2D65534667467830516A753247784746596149334A79414B6465466D5F526133315772546C426A6C3350316159465A62772D507A387535522D52755578417835484947332D5F687A43714F4E634D5376514C774569754C413043624F39564770677035774646614B4D776C5152375270446856577745326D5451, '7fec7d6e025fc738a15f2f47de488ca1', 'admin', 'USER_CLIENT_APP', _binary 0xACED0005737200416F72672E737072696E676672616D65776F726B2E73656375726974792E6F61757468322E70726F76696465722E4F417574683241757468656E7469636174696F6EBD400B02166252130200024C000D73746F7265645265717565737474003C4C6F72672F737072696E676672616D65776F726B2F73656375726974792F6F61757468322F70726F76696465722F4F4175746832526571756573743B4C00127573657241757468656E7469636174696F6E7400324C6F72672F737072696E676672616D65776F726B2F73656375726974792F636F72652F41757468656E7469636174696F6E3B787200476F72672E737072696E676672616D65776F726B2E73656375726974792E61757468656E7469636174696F6E2E416273747261637441757468656E7469636174696F6E546F6B656ED3AA287E6E47640E0200035A000D61757468656E746963617465644C000B617574686F7269746965737400164C6A6176612F7574696C2F436F6C6C656374696F6E3B4C000764657461696C737400124C6A6176612F6C616E672F4F626A6563743B787000737200266A6176612E7574696C2E436F6C6C656374696F6E7324556E6D6F6469666961626C654C697374FC0F2531B5EC8E100200014C00046C6973747400104C6A6176612F7574696C2F4C6973743B7872002C6A6176612E7574696C2E436F6C6C656374696F6E7324556E6D6F6469666961626C65436F6C6C656374696F6E19420080CB5EF71E0200014C00016371007E00047870737200136A6176612E7574696C2E41727261794C6973747881D21D99C7619D03000149000473697A6578700000000E77040000000E737200426F72672E737072696E676672616D65776F726B2E73656375726974792E636F72652E617574686F726974792E53696D706C654772616E746564417574686F7269747900000000000001FE0200014C0004726F6C657400124C6A6176612F6C616E672F537472696E673B7870740011766965775F757365725F62795F726F6C657371007E000D740009656469745F757365727371007E000D74000B6372656174655F726F6C657371007E000D74000B64656C6574655F726F6C657371007E000D740009766965775F726F6C657371007E000D74000F766965775F7065726D697373696F6E7371007E000D740009656469745F726F6C657371007E000D74001961737369676E5F7065726D697373696F6E5F746F5F726F6C657371007E000D740017766965775F7065726D697373696F6E5F62795F726F6C657371007E000D74000A726F6C655F61646D696E7371007E000D74000B6372656174655F757365727371007E000D740009766965775F757365727371007E000D74001361737369676E5F757365725F746F5F726F6C657371007E000D74000B64656C6574655F757365727871007E000C707372003A6F72672E737072696E676672616D65776F726B2E73656375726974792E6F61757468322E70726F76696465722E4F41757468325265717565737400000000000000010200075A0008617070726F7665644C000B617574686F72697469657371007E00044C000A657874656E73696F6E7374000F4C6A6176612F7574696C2F4D61703B4C000B726564697265637455726971007E000E4C00077265667265736874003B4C6F72672F737072696E676672616D65776F726B2F73656375726974792F6F61757468322F70726F76696465722F546F6B656E526571756573743B4C000B7265736F7572636549647374000F4C6A6176612F7574696C2F5365743B4C000D726573706F6E7365547970657371007E002E787200386F72672E737072696E676672616D65776F726B2E73656375726974792E6F61757468322E70726F76696465722E426173655265717565737436287A3EA37169BD0200034C0008636C69656E74496471007E000E4C001172657175657374506172616D657465727371007E002C4C000573636F706571007E002E787074000F555345525F434C49454E545F415050737200256A6176612E7574696C2E436F6C6C656374696F6E7324556E6D6F6469666961626C654D6170F1A5A8FE74F507420200014C00016D71007E002C7870737200116A6176612E7574696C2E486173684D61700507DAC1C31660D103000246000A6C6F6164466163746F724900097468726573686F6C6478703F400000000000037708000000040000000274000A6772616E745F7479706574000870617373776F7264740008757365726E616D6574000561646D696E78737200256A6176612E7574696C2E436F6C6C656374696F6E7324556E6D6F6469666961626C65536574801D92D18F9B80550200007871007E0009737200176A6176612E7574696C2E4C696E6B656448617368536574D86CD75A95DD2A1E020000787200116A6176612E7574696C2E48617368536574BA44859596B8B7340300007870770C000000103F4000000000000274000A726F6C655F61646D696E740009726F6C655F7573657278017371007E003D770C000000103F40000000000000787371007E00343F40000000000000770800000010000000007870737200396F72672E737072696E676672616D65776F726B2E73656375726974792E6F61757468322E70726F76696465722E546F6B656E52657175657374D62A84B8CF38F8010200014C00096772616E745479706571007E000E7871007E002F74000F555345525F434C49454E545F4150507371007E00327371007E00343F400000000000037708000000040000000274000A6772616E745F7479706574000D726566726573685F746F6B656E74000D726566726573685F746F6B656E74040465794A68624763694F694A53557A49314E694973496E523563434936496B705856434A392E65794A316332567958335235634755694F694A685A47317062694973496E567A5A584A66626D46745A534936496D466B62576C754969776963324E76634755694F6C7369636D39735A5639685A47317062694973496E4A766247566664584E6C63694A644C434A6864476B694F6949314E5442684E7A6B334D533079596D52694C5451774D4745744F544A6D4E5330344D57526C4E474668597A5A6B5A6A49694C434A6C654841694F6A45314E5455774E5455344D7A6373496D463164476876636D6C306157567A496A7062496E5A705A58646664584E6C636C3969655639796232786C496977695A57527064463931633256794969776959334A6C5958526C58334A76624755694C434A6B5A57786C64475666636D39735A534973496E5A705A586466636D39735A534973496E5A705A5864666347567962576C7A63326C7662694973496D566B61585266636D39735A534973496D467A63326C6E626C39775A584A7461584E7A615739755833527658334A76624755694C434A32615756335833426C636D317063334E7062323566596E6C66636D39735A534973496E4A766247566659575274615734694C434A6A636D56686447566664584E6C63694973496E5A705A58646664584E6C63694973496D467A63326C6E626C3931633256795833527658334A76624755694C434A6B5A57786C6447566664584E6C63694A644C434A7164476B694F694977597A67304E544D355A5330355A5745794C54517A5A474974596A6B344D5330784F54526A4E6D46694F5467344E4755694C434A6C6257467062434936496D466B62576C755147647459576C734C6D4E7662534973496D4E7361575675644639705A434936496C565452564A665130784A525535555830465155434A392E67636F6B7279306B304F753855523367644B35306E4656563734644347676335373338396758436F6D6570425972544E73446258792D63326574734A496771556768477A634A7359614E357974324156704743766C435F4B314E6B754C5144546934596F614A39434E534A7456454F5A354E6F676C7A6B6F55757234515F654D4B696E595F4C4C594241364356786C635A505A4F655879557A62726A4D4F697050477034666B62665A3376746367694C307A4A334E696A7059486D44744D39476D6E724D756E384E73573245546B56365167706A4D794C75713546394A2D2D5454694D3231777A656A664F767278562D35724E4F50596D7A564647593172344652516B46525F74486E5738344A35554777366F536B6B77594E7444416E3042484B6866356C584F304E6D2D2D6F7A3270597475486B34345547785A565F433337486C4E736B32567947366D6E524A4578517431653241787371007E003A7371007E003C770C000000103F400000000000007871007E00497371007E003D770C000000103F40000000000000787371007E003D770C000000103F40000000000000787372005B6F72672E737072696E676672616D65776F726B2E73656375726974792E7765622E61757468656E7469636174696F6E2E707265617574682E50726541757468656E7469636174656441757468656E7469636174696F6E546F6B656E00000000000001FE0200024C000B63726564656E7469616C7371007E00054C00097072696E636970616C71007E00057871007E0003017371007E00077371007E000B0000000E77040000000E71007E000F71007E001171007E001371007E001571007E001771007E001971007E001B71007E001D71007E001F71007E002171007E002371007E002571007E002771007E00297871007E00537074000073720020636F6D2E737072696E672E6F617574682E6A77742E656E746974792E55736572000000000000000102000A5A00116163636F756E744E6F6E457870697265645A00106163636F756E744E6F6E4C6F636B65645A001563726564656E7469616C734E6F6E457870697265645A0007656E61626C656449000269644C0005656D61696C71007E000E4C000870617373776F726471007E000E4C0005726F6C657371007E00084C0008757365725479706571007E000E4C0008757365726E616D6571007E000E7870000000010000000274000F61646D696E40676D61696C2E636F6D7400447B6263727970747D24326124313024454F733856524F62313465375A6E796476584543412E344C6F4968504F6F46484B7656462F69425A2F6B65723137456F637A3456697372002F6F72672E68696265726E6174652E636F6C6C656374696F6E2E696E7465726E616C2E50657273697374656E744261673E6A0D30495F208F0200014C000362616771007E00087872003E6F72672E68696265726E6174652E636F6C6C656374696F6E2E696E7465726E616C2E416273747261637450657273697374656E74436F6C6C656374696F6E5718B75D8ABA735402000B5A001B616C6C6F774C6F61644F7574736964655472616E73616374696F6E49000A63616368656453697A655A000564697274795A000E656C656D656E7452656D6F7665645A000B696E697469616C697A65645A000D697354656D7053657373696F6E4C00036B65797400164C6A6176612F696F2F53657269616C697A61626C653B4C00056F776E657271007E00054C0004726F6C6571007E000E4C001273657373696F6E466163746F72795575696471007E000E4C000E73746F726564536E617073686F7471007E005B787000FFFFFFFF00000100737200116A6176612E6C616E672E496E746567657212E2A0A4F781873802000149000576616C7565787200106A6176612E6C616E672E4E756D62657286AC951D0B94E08B02000078700000000271007E0056740026636F6D2E737072696E672E6F617574682E6A77742E656E746974792E557365722E726F6C6573707371007E000B0000000177040000000173720020636F6D2E737072696E672E6F617574682E6A77742E656E746974792E526F6C658A0DCA7193E1309302000349000269644C00046E616D6571007E000E4C000B7065726D697373696F6E7371007E000878700000000171007E00227371007E005900FFFFFFFF000001007371007E005D0000000171007E006374002C636F6D2E737072696E672E6F617574682E6A77742E656E746974792E526F6C652E7065726D697373696F6E73707371007E000B0000000D77040000000D73720026636F6D2E737072696E672E6F617574682E6A77742E656E746974792E5065726D697373696F6E2B0A50F22861109E02000249000269644C00046E616D6571007E000E78700000000171007E001A7371007E00680000000271007E00147371007E00680000000371007E001C7371007E00680000000471007E00187371007E00680000000571007E00167371007E00680000000671007E001E7371007E00680000000771007E00207371007E00680000000871007E00247371007E00680000000971007E00127371007E00680000000A71007E00267371007E00680000000B71007E002A7371007E00680000000C71007E00287371007E00680000000D71007E0010787371007E000B0000000D77040000000D71007E006971007E006A71007E006B71007E006C71007E006D71007E006E71007E006F71007E007071007E007171007E007271007E007371007E007471007E007578787371007E000B0000000177040000000171007E00637874000561646D696E74000561646D696E, 'b7542044f65779688cc2db7cd0f3f234');
/*!40000 ALTER TABLE `oauth_access_token` ENABLE KEYS */;


-- Dumping structure for table jwt_role.oauth_client_details
CREATE TABLE IF NOT EXISTS `oauth_client_details` (
  `client_id` varchar(255) NOT NULL,
  `client_secret` varchar(255) NOT NULL,
  `web_server_redirect_uri` varchar(2048) DEFAULT NULL,
  `scope` varchar(255) DEFAULT NULL,
  `access_token_validity` int(11) DEFAULT NULL,
  `refresh_token_validity` int(11) DEFAULT NULL,
  `resource_ids` varchar(1024) DEFAULT NULL,
  `authorized_grant_types` varchar(1024) DEFAULT NULL,
  `authorities` varchar(1024) DEFAULT NULL,
  `additional_information` varchar(4096) DEFAULT NULL,
  `autoapprove` varchar(255) DEFAULT NULL,
  PRIMARY KEY (`client_id`)
) ENGINE=InnoDB DEFAULT CHARSET=utf8;

-- Dumping data for table jwt_role.oauth_client_details: ~1 rows (approximately)
/*!40000 ALTER TABLE `oauth_client_details` DISABLE KEYS */;
INSERT INTO `oauth_client_details` (`client_id`, `client_secret`, `web_server_redirect_uri`, `scope`, `access_token_validity`, `refresh_token_validity`, `resource_ids`, `authorized_grant_types`, `authorities`, `additional_information`, `autoapprove`) VALUES
	('USER_CLIENT_APP', '{bcrypt}$2a$10$EOs8VROb14e7ZnydvXECA.4LoIhPOoFHKvVF/iBZ/ker17Eocz4Vi', NULL, 'role_admin,role_user', 900, 3600, NULL, 'authorization_code,password,refresh_token,implicit', NULL, '{}', NULL);
/*!40000 ALTER TABLE `oauth_client_details` ENABLE KEYS */;


-- Dumping structure for table jwt_role.oauth_refresh_token
CREATE TABLE IF NOT EXISTS `oauth_refresh_token` (
  `token_id` varchar(255) DEFAULT NULL,
  `token` blob,
  `authentication` blob
) ENGINE=InnoDB DEFAULT CHARSET=utf8;

-- Dumping data for table jwt_role.oauth_refresh_token: ~2 rows (approximately)
/*!40000 ALTER TABLE `oauth_refresh_token` DISABLE KEYS */;
INSERT INTO `oauth_refresh_token` (`token_id`, `token`, `authentication`) VALUES
	('69db5d910886181d2c792ee8f054bf5d', _binary 0xACED00057372004C6F72672E737072696E676672616D65776F726B2E73656375726974792E6F61757468322E636F6D6D6F6E2E44656661756C744578706972696E674F417574683252656672657368546F6B656E2FDF47639DD0C9B70200014C000A65787069726174696F6E7400104C6A6176612F7574696C2F446174653B787200446F72672E737072696E676672616D65776F726B2E73656375726974792E6F61757468322E636F6D6D6F6E2E44656661756C744F417574683252656672657368546F6B656E73E10E0A6354D45E0200014C000576616C75657400124C6A6176612F6C616E672F537472696E673B787074040465794A68624763694F694A53557A49314E694973496E523563434936496B705856434A392E65794A316332567958335235634755694F694A685A47317062694973496E567A5A584A66626D46745A534936496D466B62576C754969776963324E76634755694F6C7369636D39735A5639685A47317062694973496E4A766247566664584E6C63694A644C434A6864476B694F694A6A4E6A41785A6D4669596930354D32466D4C5452684D4451744F4441305A5330305A6A4A6A4D54686D4D7A63325A5455694C434A6C654841694F6A45314E5455774E5451314D546B73496D463164476876636D6C306157567A496A7062496E5A705A58646664584E6C636C3969655639796232786C496977695A57527064463931633256794969776959334A6C5958526C58334A76624755694C434A6B5A57786C64475666636D39735A534973496E5A705A586466636D39735A534973496E5A705A5864666347567962576C7A63326C7662694973496D566B61585266636D39735A534973496D467A63326C6E626C39775A584A7461584E7A615739755833527658334A76624755694C434A32615756335833426C636D317063334E7062323566596E6C66636D39735A534973496E4A766247566659575274615734694C434A6A636D56686447566664584E6C63694973496E5A705A58646664584E6C63694973496D467A63326C6E626C3931633256795833527658334A76624755694C434A6B5A57786C6447566664584E6C63694A644C434A7164476B694F6949315A444A695A4745324E69307A4D32566C4C5451774E6D5974595745335A6930354E6A55774F5459304D446378593245694C434A6C6257467062434936496D466B62576C755147647459576C734C6D4E7662534973496D4E7361575675644639705A434936496C565452564A665130784A525535555830465155434A392E5A55733057346C574F462D354642374A686C375064674775326761785A6A35717061355265386E3167697A72787943594F6A7431596F775678463043424976555744446E4D687438492D792D5377553271766D3368615A6941596F4779595631374857554B77487079727058446F537071756868445F53414B58354A314C305235594E6F354C595752635A3141484C70765236776335715833324B7A4B4E577A355332336C34447439495A6244716454573152355F4D62595376697A5633413147514E4A5734344B76695144443732354841536D34724C4E5777436D437964784F457653716176523650524B684F7564563879427432596F43546B5A43565F4B7150537232784D67555444456B576A316832756B5971366637582D6C776C5365535F3664684C4B6F5A466C4C6E5F3651693635735F474E7873535465586153783768387143534B6630544E6E454752534C514F346F677372000E6A6176612E7574696C2E44617465686A81014B597419030000787077080000016A1078E49078, _binary 0xACED0005737200416F72672E737072696E676672616D65776F726B2E73656375726974792E6F61757468322E70726F76696465722E4F417574683241757468656E7469636174696F6EBD400B02166252130200024C000D73746F7265645265717565737474003C4C6F72672F737072696E676672616D65776F726B2F73656375726974792F6F61757468322F70726F76696465722F4F4175746832526571756573743B4C00127573657241757468656E7469636174696F6E7400324C6F72672F737072696E676672616D65776F726B2F73656375726974792F636F72652F41757468656E7469636174696F6E3B787200476F72672E737072696E676672616D65776F726B2E73656375726974792E61757468656E7469636174696F6E2E416273747261637441757468656E7469636174696F6E546F6B656ED3AA287E6E47640E0200035A000D61757468656E746963617465644C000B617574686F7269746965737400164C6A6176612F7574696C2F436F6C6C656374696F6E3B4C000764657461696C737400124C6A6176612F6C616E672F4F626A6563743B787000737200266A6176612E7574696C2E436F6C6C656374696F6E7324556E6D6F6469666961626C654C697374FC0F2531B5EC8E100200014C00046C6973747400104C6A6176612F7574696C2F4C6973743B7872002C6A6176612E7574696C2E436F6C6C656374696F6E7324556E6D6F6469666961626C65436F6C6C656374696F6E19420080CB5EF71E0200014C00016371007E00047870737200136A6176612E7574696C2E41727261794C6973747881D21D99C7619D03000149000473697A6578700000000E77040000000E737200426F72672E737072696E676672616D65776F726B2E73656375726974792E636F72652E617574686F726974792E53696D706C654772616E746564417574686F7269747900000000000001FE0200014C0004726F6C657400124C6A6176612F6C616E672F537472696E673B7870740011766965775F757365725F62795F726F6C657371007E000D740009656469745F757365727371007E000D74000B6372656174655F726F6C657371007E000D74000B64656C6574655F726F6C657371007E000D740009766965775F726F6C657371007E000D74000F766965775F7065726D697373696F6E7371007E000D740009656469745F726F6C657371007E000D74001961737369676E5F7065726D697373696F6E5F746F5F726F6C657371007E000D740017766965775F7065726D697373696F6E5F62795F726F6C657371007E000D74000A726F6C655F61646D696E7371007E000D74000B6372656174655F757365727371007E000D740009766965775F757365727371007E000D74001361737369676E5F757365725F746F5F726F6C657371007E000D74000B64656C6574655F757365727871007E000C707372003A6F72672E737072696E676672616D65776F726B2E73656375726974792E6F61757468322E70726F76696465722E4F41757468325265717565737400000000000000010200075A0008617070726F7665644C000B617574686F72697469657371007E00044C000A657874656E73696F6E7374000F4C6A6176612F7574696C2F4D61703B4C000B726564697265637455726971007E000E4C00077265667265736874003B4C6F72672F737072696E676672616D65776F726B2F73656375726974792F6F61757468322F70726F76696465722F546F6B656E526571756573743B4C000B7265736F7572636549647374000F4C6A6176612F7574696C2F5365743B4C000D726573706F6E7365547970657371007E002E787200386F72672E737072696E676672616D65776F726B2E73656375726974792E6F61757468322E70726F76696465722E426173655265717565737436287A3EA37169BD0200034C0008636C69656E74496471007E000E4C001172657175657374506172616D657465727371007E002C4C000573636F706571007E002E787074000F555345525F434C49454E545F415050737200256A6176612E7574696C2E436F6C6C656374696F6E7324556E6D6F6469666961626C654D6170F1A5A8FE74F507420200014C00016D71007E002C7870737200116A6176612E7574696C2E486173684D61700507DAC1C31660D103000246000A6C6F6164466163746F724900097468726573686F6C6478703F400000000000037708000000040000000274000A6772616E745F7479706574000870617373776F7264740008757365726E616D6574000561646D696E78737200256A6176612E7574696C2E436F6C6C656374696F6E7324556E6D6F6469666961626C65536574801D92D18F9B80550200007871007E0009737200176A6176612E7574696C2E4C696E6B656448617368536574D86CD75A95DD2A1E020000787200116A6176612E7574696C2E48617368536574BA44859596B8B7340300007870770C000000103F4000000000000274000A726F6C655F61646D696E740009726F6C655F7573657278017371007E003D770C000000103F40000000000000787371007E00343F40000000000000770800000010000000007870737200396F72672E737072696E676672616D65776F726B2E73656375726974792E6F61757468322E70726F76696465722E546F6B656E52657175657374D62A84B8CF38F8010200014C00096772616E745479706571007E000E7871007E002F74000F555345525F434C49454E545F4150507371007E00327371007E00343F400000000000037708000000040000000274000A6772616E745F7479706574000D726566726573685F746F6B656E74000D726566726573685F746F6B656E74040465794A68624763694F694A53557A49314E694973496E523563434936496B705856434A392E65794A316332567958335235634755694F694A685A47317062694973496E567A5A584A66626D46745A534936496D466B62576C754969776963324E76634755694F6C7369636D39735A5639685A47317062694973496E4A766247566664584E6C63694A644C434A6864476B694F6949324E544D305A6D5669597930314E6A6B314C5451314E54517459544E6C4E5330774E7A417A4E6D49354D7A42685A6D4D694C434A6C654841694F6A45314E5455774E5451314D444973496D463164476876636D6C306157567A496A7062496E5A705A58646664584E6C636C3969655639796232786C496977695A57527064463931633256794969776959334A6C5958526C58334A76624755694C434A6B5A57786C64475666636D39735A534973496E5A705A586466636D39735A534973496E5A705A5864666347567962576C7A63326C7662694973496D566B61585266636D39735A534973496D467A63326C6E626C39775A584A7461584E7A615739755833527658334A76624755694C434A32615756335833426C636D317063334E7062323566596E6C66636D39735A534973496E4A766247566659575274615734694C434A6A636D56686447566664584E6C63694973496E5A705A58646664584E6C63694973496D467A63326C6E626C3931633256795833527658334A76624755694C434A6B5A57786C6447566664584E6C63694A644C434A7164476B694F694A694E6A4E6B4D6D56695953316D4F44526D4C545132596A4D744F4449794D6930355A5451334E4745305A5464684E7A55694C434A6C6257467062434936496D466B62576C755147647459576C734C6D4E7662534973496D4E7361575675644639705A434936496C565452564A665130784A525535555830465155434A392E69513651503142495459535855577778777A4939614773764544756F5A395A4F45684F3835704855384A3832345F63496C64785F7341704375684772662D4757755833314434435972536B4E6B3943674B4A685F4C5871336A713055474A555868704930673162684539597370476B4445494E482D5170654B61796D5A724C4A6F556B3063393553634342353952556150684D68736971776D352D4D3459497961492D6A78666D55787651635F616751745A6E644E394B444C3967596E61557555767A6A586A545037477073527647316E656B5046416863335A334952555A634E6730465A6E436C554256496459772D49456B4E36377779464C7345736641376A6959774E484F316843456154533266796B334930725A737576625A484E345633573050304646357443436D634C4F4B494474745F74796F417A517A4E446530546732614F443732344B4554346B4967464C45376D41787371007E003A7371007E003C770C000000103F400000000000007871007E00497371007E003D770C000000103F40000000000000787371007E003D770C000000103F40000000000000787372005B6F72672E737072696E676672616D65776F726B2E73656375726974792E7765622E61757468656E7469636174696F6E2E707265617574682E50726541757468656E7469636174656441757468656E7469636174696F6E546F6B656E00000000000001FE0200024C000B63726564656E7469616C7371007E00054C00097072696E636970616C71007E00057871007E0003017371007E00077371007E000B0000000E77040000000E71007E000F71007E001171007E001371007E001571007E001771007E001971007E001B71007E001D71007E001F71007E002171007E002371007E002571007E002771007E00297871007E00537074000073720020636F6D2E737072696E672E6F617574682E6A77742E656E746974792E55736572000000000000000102000A5A00116163636F756E744E6F6E457870697265645A00106163636F756E744E6F6E4C6F636B65645A001563726564656E7469616C734E6F6E457870697265645A0007656E61626C656449000269644C0005656D61696C71007E000E4C000870617373776F726471007E000E4C0005726F6C657371007E00084C0008757365725479706571007E000E4C0008757365726E616D6571007E000E7870000000010000000274000F61646D696E40676D61696C2E636F6D7400447B6263727970747D24326124313024454F733856524F62313465375A6E796476584543412E344C6F4968504F6F46484B7656462F69425A2F6B65723137456F637A3456697372002F6F72672E68696265726E6174652E636F6C6C656374696F6E2E696E7465726E616C2E50657273697374656E744261673E6A0D30495F208F0200014C000362616771007E00087872003E6F72672E68696265726E6174652E636F6C6C656374696F6E2E696E7465726E616C2E416273747261637450657273697374656E74436F6C6C656374696F6E5718B75D8ABA735402000B5A001B616C6C6F774C6F61644F7574736964655472616E73616374696F6E49000A63616368656453697A655A000564697274795A000E656C656D656E7452656D6F7665645A000B696E697469616C697A65645A000D697354656D7053657373696F6E4C00036B65797400164C6A6176612F696F2F53657269616C697A61626C653B4C00056F776E657271007E00054C0004726F6C6571007E000E4C001273657373696F6E466163746F72795575696471007E000E4C000E73746F726564536E617073686F7471007E005B787000FFFFFFFF00000100737200116A6176612E6C616E672E496E746567657212E2A0A4F781873802000149000576616C7565787200106A6176612E6C616E672E4E756D62657286AC951D0B94E08B02000078700000000271007E0056740026636F6D2E737072696E672E6F617574682E6A77742E656E746974792E557365722E726F6C6573707371007E000B0000000177040000000173720020636F6D2E737072696E672E6F617574682E6A77742E656E746974792E526F6C658A0DCA7193E1309302000349000269644C00046E616D6571007E000E4C000B7065726D697373696F6E7371007E000878700000000171007E00227371007E005900FFFFFFFF000001007371007E005D0000000171007E006374002C636F6D2E737072696E672E6F617574682E6A77742E656E746974792E526F6C652E7065726D697373696F6E73707371007E000B0000000D77040000000D73720026636F6D2E737072696E672E6F617574682E6A77742E656E746974792E5065726D697373696F6E2B0A50F22861109E02000249000269644C00046E616D6571007E000E78700000000171007E001A7371007E00680000000271007E00147371007E00680000000371007E001C7371007E00680000000471007E00187371007E00680000000571007E00167371007E00680000000671007E001E7371007E00680000000771007E00207371007E00680000000871007E00247371007E00680000000971007E00127371007E00680000000A71007E00267371007E00680000000B71007E002A7371007E00680000000C71007E00287371007E00680000000D71007E0010787371007E000B0000000D77040000000D71007E006971007E006A71007E006B71007E006C71007E006D71007E006E71007E006F71007E007071007E007171007E007271007E007371007E007471007E007578787371007E000B0000000177040000000171007E00637874000561646D696E74000561646D696E),
	('b7542044f65779688cc2db7cd0f3f234', _binary 0xACED00057372004C6F72672E737072696E676672616D65776F726B2E73656375726974792E6F61757468322E636F6D6D6F6E2E44656661756C744578706972696E674F417574683252656672657368546F6B656E2FDF47639DD0C9B70200014C000A65787069726174696F6E7400104C6A6176612F7574696C2F446174653B787200446F72672E737072696E676672616D65776F726B2E73656375726974792E6F61757468322E636F6D6D6F6E2E44656661756C744F417574683252656672657368546F6B656E73E10E0A6354D45E0200014C000576616C75657400124C6A6176612F6C616E672F537472696E673B787074040465794A68624763694F694A53557A49314E694973496E523563434936496B705856434A392E65794A316332567958335235634755694F694A685A47317062694973496E567A5A584A66626D46745A534936496D466B62576C754969776963324E76634755694F6C7369636D39735A5639685A47317062694973496E4A766247566664584E6C63694A644C434A6864476B694F694A6C4D4745314E324977597930794D6D4A6B4C5451784F544574596A4A694D7930794D446777596A45354E47557A4D4755694C434A6C654841694F6A45314E5455774E5455354D445173496D463164476876636D6C306157567A496A7062496E5A705A58646664584E6C636C3969655639796232786C496977695A57527064463931633256794969776959334A6C5958526C58334A76624755694C434A6B5A57786C64475666636D39735A534973496E5A705A586466636D39735A534973496E5A705A5864666347567962576C7A63326C7662694973496D566B61585266636D39735A534973496D467A63326C6E626C39775A584A7461584E7A615739755833527658334A76624755694C434A32615756335833426C636D317063334E7062323566596E6C66636D39735A534973496E4A766247566659575274615734694C434A6A636D56686447566664584E6C63694973496E5A705A58646664584E6C63694973496D467A63326C6E626C3931633256795833527658334A76624755694C434A6B5A57786C6447566664584E6C63694A644C434A7164476B694F694A6B59574D354D6D4A6A4F5330314D6D466B4C5451334D6D4D74596A4179595330774E445A6B59544D3059545534597A49694C434A6C6257467062434936496D466B62576C755147647459576C734C6D4E7662534973496D4E7361575675644639705A434936496C565452564A665130784A525535555830465155434A392E5A64625350626C6D52386841733269786A395470384C4B646F48376B425755386F347A3935693764794B553478377A5F4B77446D764C722D4773566D4D776D773733665F544A482D3069555349523944497A4F34547277366E302D5368346270575049536E50457643592D46616D397A454A6D507471776F5F6C6C316E6C6E39495A6332306F3163377A74555071706645373455666D68676D634B6D4156784D617471345377556F65766534436266706A624C456C2D4A746179654F59313345573871694E7A4B65725954476369334A374F536532446D645A31694C664850314B446E344D4762576C56724235793232444170305F6770495950554E54305062636470615F30516E77574B7575726C714A3865436C44493953396446696B496A516F415F6C48687477425961625447445A634E5F7A524C575A2D666F6D70697A36414D716A795969736A5777774E6574536A515553777372000E6A6176612E7574696C2E44617465686A81014B597419030000787077080000016A108E05AE78, _binary 0xACED0005737200416F72672E737072696E676672616D65776F726B2E73656375726974792E6F61757468322E70726F76696465722E4F417574683241757468656E7469636174696F6EBD400B02166252130200024C000D73746F7265645265717565737474003C4C6F72672F737072696E676672616D65776F726B2F73656375726974792F6F61757468322F70726F76696465722F4F4175746832526571756573743B4C00127573657241757468656E7469636174696F6E7400324C6F72672F737072696E676672616D65776F726B2F73656375726974792F636F72652F41757468656E7469636174696F6E3B787200476F72672E737072696E676672616D65776F726B2E73656375726974792E61757468656E7469636174696F6E2E416273747261637441757468656E7469636174696F6E546F6B656ED3AA287E6E47640E0200035A000D61757468656E746963617465644C000B617574686F7269746965737400164C6A6176612F7574696C2F436F6C6C656374696F6E3B4C000764657461696C737400124C6A6176612F6C616E672F4F626A6563743B787000737200266A6176612E7574696C2E436F6C6C656374696F6E7324556E6D6F6469666961626C654C697374FC0F2531B5EC8E100200014C00046C6973747400104C6A6176612F7574696C2F4C6973743B7872002C6A6176612E7574696C2E436F6C6C656374696F6E7324556E6D6F6469666961626C65436F6C6C656374696F6E19420080CB5EF71E0200014C00016371007E00047870737200136A6176612E7574696C2E41727261794C6973747881D21D99C7619D03000149000473697A6578700000000E77040000000E737200426F72672E737072696E676672616D65776F726B2E73656375726974792E636F72652E617574686F726974792E53696D706C654772616E746564417574686F7269747900000000000001FE0200014C0004726F6C657400124C6A6176612F6C616E672F537472696E673B7870740011766965775F757365725F62795F726F6C657371007E000D740009656469745F757365727371007E000D74000B6372656174655F726F6C657371007E000D74000B64656C6574655F726F6C657371007E000D740009766965775F726F6C657371007E000D74000F766965775F7065726D697373696F6E7371007E000D740009656469745F726F6C657371007E000D74001961737369676E5F7065726D697373696F6E5F746F5F726F6C657371007E000D740017766965775F7065726D697373696F6E5F62795F726F6C657371007E000D74000A726F6C655F61646D696E7371007E000D74000B6372656174655F757365727371007E000D740009766965775F757365727371007E000D74001361737369676E5F757365725F746F5F726F6C657371007E000D74000B64656C6574655F757365727871007E000C707372003A6F72672E737072696E676672616D65776F726B2E73656375726974792E6F61757468322E70726F76696465722E4F41757468325265717565737400000000000000010200075A0008617070726F7665644C000B617574686F72697469657371007E00044C000A657874656E73696F6E7374000F4C6A6176612F7574696C2F4D61703B4C000B726564697265637455726971007E000E4C00077265667265736874003B4C6F72672F737072696E676672616D65776F726B2F73656375726974792F6F61757468322F70726F76696465722F546F6B656E526571756573743B4C000B7265736F7572636549647374000F4C6A6176612F7574696C2F5365743B4C000D726573706F6E7365547970657371007E002E787200386F72672E737072696E676672616D65776F726B2E73656375726974792E6F61757468322E70726F76696465722E426173655265717565737436287A3EA37169BD0200034C0008636C69656E74496471007E000E4C001172657175657374506172616D657465727371007E002C4C000573636F706571007E002E787074000F555345525F434C49454E545F415050737200256A6176612E7574696C2E436F6C6C656374696F6E7324556E6D6F6469666961626C654D6170F1A5A8FE74F507420200014C00016D71007E002C7870737200116A6176612E7574696C2E486173684D61700507DAC1C31660D103000246000A6C6F6164466163746F724900097468726573686F6C6478703F400000000000037708000000040000000274000A6772616E745F7479706574000870617373776F7264740008757365726E616D6574000561646D696E78737200256A6176612E7574696C2E436F6C6C656374696F6E7324556E6D6F6469666961626C65536574801D92D18F9B80550200007871007E0009737200176A6176612E7574696C2E4C696E6B656448617368536574D86CD75A95DD2A1E020000787200116A6176612E7574696C2E48617368536574BA44859596B8B7340300007870770C000000103F4000000000000274000A726F6C655F61646D696E740009726F6C655F7573657278017371007E003D770C000000103F40000000000000787371007E00343F40000000000000770800000010000000007870737200396F72672E737072696E676672616D65776F726B2E73656375726974792E6F61757468322E70726F76696465722E546F6B656E52657175657374D62A84B8CF38F8010200014C00096772616E745479706571007E000E7871007E002F74000F555345525F434C49454E545F4150507371007E00327371007E00343F400000000000037708000000040000000274000A6772616E745F7479706574000D726566726573685F746F6B656E74000D726566726573685F746F6B656E74040465794A68624763694F694A53557A49314E694973496E523563434936496B705856434A392E65794A316332567958335235634755694F694A685A47317062694973496E567A5A584A66626D46745A534936496D466B62576C754969776963324E76634755694F6C7369636D39735A5639685A47317062694973496E4A766247566664584E6C63694A644C434A6864476B694F6949314E5442684E7A6B334D533079596D52694C5451774D4745744F544A6D4E5330344D57526C4E474668597A5A6B5A6A49694C434A6C654841694F6A45314E5455774E5455344D7A6373496D463164476876636D6C306157567A496A7062496E5A705A58646664584E6C636C3969655639796232786C496977695A57527064463931633256794969776959334A6C5958526C58334A76624755694C434A6B5A57786C64475666636D39735A534973496E5A705A586466636D39735A534973496E5A705A5864666347567962576C7A63326C7662694973496D566B61585266636D39735A534973496D467A63326C6E626C39775A584A7461584E7A615739755833527658334A76624755694C434A32615756335833426C636D317063334E7062323566596E6C66636D39735A534973496E4A766247566659575274615734694C434A6A636D56686447566664584E6C63694973496E5A705A58646664584E6C63694973496D467A63326C6E626C3931633256795833527658334A76624755694C434A6B5A57786C6447566664584E6C63694A644C434A7164476B694F694977597A67304E544D355A5330355A5745794C54517A5A474974596A6B344D5330784F54526A4E6D46694F5467344E4755694C434A6C6257467062434936496D466B62576C755147647459576C734C6D4E7662534973496D4E7361575675644639705A434936496C565452564A665130784A525535555830465155434A392E67636F6B7279306B304F753855523367644B35306E4656563734644347676335373338396758436F6D6570425972544E73446258792D63326574734A496771556768477A634A7359614E357974324156704743766C435F4B314E6B754C5144546934596F614A39434E534A7456454F5A354E6F676C7A6B6F55757234515F654D4B696E595F4C4C594241364356786C635A505A4F655879557A62726A4D4F697050477034666B62665A3376746367694C307A4A334E696A7059486D44744D39476D6E724D756E384E73573245546B56365167706A4D794C75713546394A2D2D5454694D3231777A656A664F767278562D35724E4F50596D7A564647593172344652516B46525F74486E5738344A35554777366F536B6B77594E7444416E3042484B6866356C584F304E6D2D2D6F7A3270597475486B34345547785A565F433337486C4E736B32567947366D6E524A4578517431653241787371007E003A7371007E003C770C000000103F400000000000007871007E00497371007E003D770C000000103F40000000000000787371007E003D770C000000103F40000000000000787372005B6F72672E737072696E676672616D65776F726B2E73656375726974792E7765622E61757468656E7469636174696F6E2E707265617574682E50726541757468656E7469636174656441757468656E7469636174696F6E546F6B656E00000000000001FE0200024C000B63726564656E7469616C7371007E00054C00097072696E636970616C71007E00057871007E0003017371007E00077371007E000B0000000E77040000000E71007E000F71007E001171007E001371007E001571007E001771007E001971007E001B71007E001D71007E001F71007E002171007E002371007E002571007E002771007E00297871007E00537074000073720020636F6D2E737072696E672E6F617574682E6A77742E656E746974792E55736572000000000000000102000A5A00116163636F756E744E6F6E457870697265645A00106163636F756E744E6F6E4C6F636B65645A001563726564656E7469616C734E6F6E457870697265645A0007656E61626C656449000269644C0005656D61696C71007E000E4C000870617373776F726471007E000E4C0005726F6C657371007E00084C0008757365725479706571007E000E4C0008757365726E616D6571007E000E7870000000010000000274000F61646D696E40676D61696C2E636F6D7400447B6263727970747D24326124313024454F733856524F62313465375A6E796476584543412E344C6F4968504F6F46484B7656462F69425A2F6B65723137456F637A3456697372002F6F72672E68696265726E6174652E636F6C6C656374696F6E2E696E7465726E616C2E50657273697374656E744261673E6A0D30495F208F0200014C000362616771007E00087872003E6F72672E68696265726E6174652E636F6C6C656374696F6E2E696E7465726E616C2E416273747261637450657273697374656E74436F6C6C656374696F6E5718B75D8ABA735402000B5A001B616C6C6F774C6F61644F7574736964655472616E73616374696F6E49000A63616368656453697A655A000564697274795A000E656C656D656E7452656D6F7665645A000B696E697469616C697A65645A000D697354656D7053657373696F6E4C00036B65797400164C6A6176612F696F2F53657269616C697A61626C653B4C00056F776E657271007E00054C0004726F6C6571007E000E4C001273657373696F6E466163746F72795575696471007E000E4C000E73746F726564536E617073686F7471007E005B787000FFFFFFFF00000100737200116A6176612E6C616E672E496E746567657212E2A0A4F781873802000149000576616C7565787200106A6176612E6C616E672E4E756D62657286AC951D0B94E08B02000078700000000271007E0056740026636F6D2E737072696E672E6F617574682E6A77742E656E746974792E557365722E726F6C6573707371007E000B0000000177040000000173720020636F6D2E737072696E672E6F617574682E6A77742E656E746974792E526F6C658A0DCA7193E1309302000349000269644C00046E616D6571007E000E4C000B7065726D697373696F6E7371007E000878700000000171007E00227371007E005900FFFFFFFF000001007371007E005D0000000171007E006374002C636F6D2E737072696E672E6F617574682E6A77742E656E746974792E526F6C652E7065726D697373696F6E73707371007E000B0000000D77040000000D73720026636F6D2E737072696E672E6F617574682E6A77742E656E746974792E5065726D697373696F6E2B0A50F22861109E02000249000269644C00046E616D6571007E000E78700000000171007E001A7371007E00680000000271007E00147371007E00680000000371007E001C7371007E00680000000471007E00187371007E00680000000571007E00167371007E00680000000671007E001E7371007E00680000000771007E00207371007E00680000000871007E00247371007E00680000000971007E00127371007E00680000000A71007E00267371007E00680000000B71007E002A7371007E00680000000C71007E00287371007E00680000000D71007E0010787371007E000B0000000D77040000000D71007E006971007E006A71007E006B71007E006C71007E006D71007E006E71007E006F71007E007071007E007171007E007271007E007371007E007471007E007578787371007E000B0000000177040000000171007E00637874000561646D696E74000561646D696E);
/*!40000 ALTER TABLE `oauth_refresh_token` ENABLE KEYS */;


-- Dumping structure for table jwt_role.permission
CREATE TABLE IF NOT EXISTS `permission` (
  `id` int(11) NOT NULL AUTO_INCREMENT,
  `name` varchar(255) DEFAULT NULL,
  PRIMARY KEY (`id`)
) ENGINE=InnoDB AUTO_INCREMENT=14 DEFAULT CHARSET=utf8;

-- Dumping data for table jwt_role.permission: ~13 rows (approximately)
/*!40000 ALTER TABLE `permission` DISABLE KEYS */;
INSERT INTO `permission` (`id`, `name`) VALUES
	(1, 'view_permission'),
	(2, 'create_role'),
	(3, 'edit_role'),
	(4, 'view_role'),
	(5, 'delete_role'),
	(6, 'assign_permission_to_role'),
	(7, 'view_permission_by_role'),
	(8, 'create_user'),
	(9, 'edit_user'),
	(10, 'view_user'),
	(11, 'delete_user'),
	(12, 'assign_user_to_role'),
	(13, 'view_user_by_role');
/*!40000 ALTER TABLE `permission` ENABLE KEYS */;


-- Dumping structure for table jwt_role.permission_role
CREATE TABLE IF NOT EXISTS `permission_role` (
  `role_id` int(11) NOT NULL,
  `permission_id` int(11) NOT NULL,
  KEY `FK3tuvkbyi6wcytyg21hvpd6txw` (`permission_id`),
  KEY `FK50sfdcvbvdaclpn7wp4uop4ml` (`role_id`),
  CONSTRAINT `FK3tuvkbyi6wcytyg21hvpd6txw` FOREIGN KEY (`permission_id`) REFERENCES `permission` (`id`),
  CONSTRAINT `FK50sfdcvbvdaclpn7wp4uop4ml` FOREIGN KEY (`role_id`) REFERENCES `role` (`id`)
) ENGINE=InnoDB DEFAULT CHARSET=utf8;

-- Dumping data for table jwt_role.permission_role: ~13 rows (approximately)
/*!40000 ALTER TABLE `permission_role` DISABLE KEYS */;
INSERT INTO `permission_role` (`role_id`, `permission_id`) VALUES
	(1, 1),
	(1, 2),
	(1, 3),
	(1, 4),
	(1, 5),
	(1, 6),
	(1, 7),
	(1, 8),
	(1, 9),
	(1, 10),
	(1, 11),
	(1, 12),
	(1, 13);
/*!40000 ALTER TABLE `permission_role` ENABLE KEYS */;


-- Dumping structure for table jwt_role.role
CREATE TABLE IF NOT EXISTS `role` (
  `id` int(11) NOT NULL AUTO_INCREMENT,
  `name` varchar(255) DEFAULT NULL,
  PRIMARY KEY (`id`)
) ENGINE=InnoDB AUTO_INCREMENT=3 DEFAULT CHARSET=utf8;

-- Dumping data for table jwt_role.role: ~2 rows (approximately)
/*!40000 ALTER TABLE `role` DISABLE KEYS */;
INSERT INTO `role` (`id`, `name`) VALUES
	(1, 'role_admin'),
	(2, 'role_user');
/*!40000 ALTER TABLE `role` ENABLE KEYS */;


-- Dumping structure for table jwt_role.role_user
CREATE TABLE IF NOT EXISTS `role_user` (
  `user_id` int(11) NOT NULL,
  `role_id` int(11) NOT NULL,
  KEY `FKiqpmjd2qb4rdkej916ymonic6` (`role_id`),
  KEY `FK4320p8bgvumlxjkohtbj214qi` (`user_id`),
  CONSTRAINT `FK4320p8bgvumlxjkohtbj214qi` FOREIGN KEY (`user_id`) REFERENCES `user` (`id`),
  CONSTRAINT `FKiqpmjd2qb4rdkej916ymonic6` FOREIGN KEY (`role_id`) REFERENCES `role` (`id`)
) ENGINE=InnoDB DEFAULT CHARSET=utf8;

-- Dumping data for table jwt_role.role_user: ~2 rows (approximately)
/*!40000 ALTER TABLE `role_user` DISABLE KEYS */;
INSERT INTO `role_user` (`user_id`, `role_id`) VALUES
	(2, 1),
	(3, 2);
/*!40000 ALTER TABLE `role_user` ENABLE KEYS */;


-- Dumping structure for table jwt_role.user
CREATE TABLE IF NOT EXISTS `user` (
  `id` int(11) NOT NULL AUTO_INCREMENT,
  `account_expired` bit(1) DEFAULT NULL,
  `account_locked` bit(1) DEFAULT NULL,
  `credentials_expired` bit(1) DEFAULT NULL,
  `email` varchar(255) DEFAULT NULL,
  `enabled` bit(1) DEFAULT NULL,
  `password` varchar(255) DEFAULT NULL,
  `username` varchar(255) DEFAULT NULL,
  `user_type` varchar(25) DEFAULT NULL,
  PRIMARY KEY (`id`)
) ENGINE=InnoDB AUTO_INCREMENT=4 DEFAULT CHARSET=utf8;

-- Dumping data for table jwt_role.user: ~3 rows (approximately)
/*!40000 ALTER TABLE `user` DISABLE KEYS */;
INSERT INTO `user` (`id`, `account_expired`, `account_locked`, `credentials_expired`, `email`, `enabled`, `password`, `username`, `user_type`) VALUES
	(1, b'00000000', b'00000000', b'00000000', 'super_admin@gmail.com', b'10000000', '{bcrypt}$2a$10$EOs8VROb14e7ZnydvXECA.4LoIhPOoFHKvVF/iBZ/ker17Eocz4Vi', 'superAdmin', 'super_admin'),
	(2, b'00000000', b'00000000', b'00000000', 'admin@gmail.com', b'10000000', '{bcrypt}$2a$10$EOs8VROb14e7ZnydvXECA.4LoIhPOoFHKvVF/iBZ/ker17Eocz4Vi', 'admin', 'admin'),
	(3, b'00000000', b'00000000', b'00000000', 'user@gmail.com', b'10000000', '{bcrypt}$2a$10$EOs8VROb14e7ZnydvXECA.4LoIhPOoFHKvVF/iBZ/ker17Eocz4Vi', 'user', 'user');
/*!40000 ALTER TABLE `user` ENABLE KEYS */;
/*!40101 SET SQL_MODE=IFNULL(@OLD_SQL_MODE, '') */;
/*!40014 SET FOREIGN_KEY_CHECKS=IF(@OLD_FOREIGN_KEY_CHECKS IS NULL, 1, @OLD_FOREIGN_KEY_CHECKS) */;
/*!40101 SET CHARACTER_SET_CLIENT=@OLD_CHARACTER_SET_CLIENT */;
